Ruta de página,Vistas de página,Sesiones del sitio,Visitantes únicos
/,"1,004",870,642
/cursos,457,390,322
/rehabilitacion-fauna-2025,326,290,229
/aula-virtual,322,285,107
/rehabilitacion-fauna-2024,160,150,118
/manejo-conductual-fauna,138,125,113
/nutricion2024,135,117,93
/galeria-1,131,124,117
/nosotros,85,75,70
/contacto,70,68,68
/rehabilitacion,55,49,44
/imagenologia-caballos-2020,36,35,33
/ortopedia-aves,31,27,24
/felidos,30,29,26
/imagenfauna2023,24,21,19
/nutricion-2021,21,19,17
/manejo-conductual-2022,18,15,15
/aviso-de-privacidad,17,17,17
/amandanatashaeliopulosnaya,16,12,12
/gustavoagonzalezpadilla,15,13,11
/ortopedia-aves-2021,15,13,12
/nutricion2019,14,14,12
/medicina-preventiva,13,13,13
/leeman-suastegui-fauna,13,10,9
/fernandodlopezhernandez,13,12,12
/ortopedia-vazquez-machorro,11,8,8
/euniceguzmanescalante,11,11,10
/aves-2022,10,10,10
/gen2019rehabilitacionfauna,10,9,9
/guillermoevantuyllmolina,10,8,6
/ortopedia-espinola-alcantara,9,8,8
/tapia-colin-fauna,9,8,8
/nogueira-marmolejo-fauna,8,7,6
/jesusan-mauricio-pisco,8,8,8
/felidos-domesticos-silvestres-2020,8,7,7
/felidos-ontiveros-evangelista,7,7,4
/elsyangelicacabrerabaz,7,5,5
/bioetica,7,7,6
/medicina-interna,7,7,6
/paulinaachavezcontreras,7,7,7
/felidos-domesticos-silvestres-2022,7,7,6
/karinaamesamesa,6,4,3
/anestesia-fauna-2020,6,5,5
/valeriadasilvasena,6,5,5
/miguelahernandezrodriguez,6,6,6
/rehabilitacion2021,6,5,5
/gen2018felidos,5,5,5
/ortopedia-reinoso-echavarria,5,5,5
/raulcuatrecasasabad,5,4,4
/brenda-lozano-chavez,5,5,5
/ortopedia-lopez-hernandez,5,5,5
/sanchez-cervantes-fauna,5,3,2
/ortega-castelazo-12016,4,2,2
/joseluisflanaganborquez,4,4,3
/meneses-lavalley-2017,4,4,4
/ortopedia-bello-ahued,4,4,4
/reyes-cortes,4,4,4
/emmacarolinapachecomeneses,4,4,4
/ortopedia-tirado-perez,4,3,3
/ortopedia-diez-tascon,4,4,4
/robles-espindola,3,3,2
/quetzeri-santiago-2016,3,3,3
/shadycherediasantos,3,3,3
/lilianasuarezramirez,3,3,3
/ortopedia-machuca-esquivel,3,2,2
/marisolrodriguezgonzalez,3,3,3
/convoc-anestesia-fauna,3,3,3
/monroy-olvera-2016,3,2,2
/isaacaramosramirez,3,3,3
/rubensaavedraperez,3,3,3
/erikbaezjoe,3,3,3
/espinola-alcantara-2016,3,3,3
/montserratmonterrosales,3,3,3
/carmencallejogarcia,3,2,2
/zulmaasotoguerrero,3,3,3
/espinola-alcantara,3,3,3
/mejia-garcia-2017,3,3,3
/laguna-pastrana,2,2,2
/alexandraelizabethlaraperez,2,2,2
/itzaelatirjesselsolis,2,2,2
/ortopedia-alanis-lopez,2,2,2
/lorenaandresserradilla,2,2,2
/moyano-devia-fauna,2,2,2
/melesio-navarro-2017,2,2,2
/campos-manzanares-2016,2,1,1
/joselynmmorarodriguez,2,2,2
/gutierrez-lopez-2017,2,2,2
/reinoso-echavarria-2016,2,2,2
/sordo-doporto-2016,2,2,2
/ortopedia-silva-lopez,2,2,2
/inscripcion,2,2,2
/ortopedia-siede-barrie,2,2,2
/sanchez-cervantes,2,1,1
/adrianaperealugo,2,2,2
/danielatamaramirnereberl,2,2,2
/valeriabgonzalezvelazquez,2,2,2
/ortopedia-rodriguez-alarcon,2,1,1
/felidos-solar-macuada,2,2,2
/ortopedia-sotelo-wong,2,2,2
/duarte-ubaldo,2,2,2
/sarahzerbibpradere,2,2,1
/ortopedia-alvarez-castro,2,2,2
/felidos-ponce-arana,2,2,2
/albertogvaldezflores,2,2,2
/cynthiayaramidiazgonzalez,2,2,2
/martinez-morven,2,2,2
/seleneasiulbarbabedolla,2,2,2
/solennproust,1,1,1
/ortopedia-vela-verjel,1,1,1
/keeper,1,1,1
/garcia-zendejas-2017,1,1,1
/carlososcarparraguirrediaz,1,1,1
/ocampo-soto-2016,1,1,1
/fundamentos-sig-2021,1,1,1
/robertofiorinitorrico,1,1,1
/cesarfernandoechaidesortiz,1,1,1
/jesusa-franco-galindo,1,1,1
/ignacioenriquepena,1,1,1
/ortopedia-rivera-jimenez,1,1,1
/egresadosrehabilitacion2019,1,1,1
/manuelacortezmartinez,1,1,1
/denisse-rodriguez-diaz,1,1,1
/gen2016fauna,1,1,1
/copia-de-aula-promoción-aves-2022,1,1,1
/erikacitlalinminoravila,1,1,1
/inscripcion-codigoabierto,1,1,1
/felidos-aguilar-mendez,1,1,1
/salas-garcia,1,1,1
/mentado-amigon-2017,1,1,1
/ortega-castelazo,1,1,1
/egresadosanestesia2020,1,1,1
/carla-bustios-mendoza,1,1,1
/felidos-baldenegro-marquez,1,1,1
/diagnostico-terapeutica-2020,1,1,1
/galindo-castillo,1,1,1
/felidos-garcia-cuevas,1,1,1
/carolinajuarezmedina,1,1,1
/joycemaradelpracachulo,1,1,1
/larissaalexandrariverapliego,1,1,1
/espinosa-leon-2016,1,1,1
/rominarodriguezdiaz,1,1,1
/ortiz-cepeda,1,1,1
/cartografia-web,1,1,1
/gen2018faunadxtx,1,1,1
/rosamariavgomezcarrillo,1,1,1
/galindo-guerrero,1,1,1
/chavez-curiel-2017,1,1,1
/campos-manzanares-2017,1,1,1
/suarez-gutierrez-2016,1,1,1
/manejo-datos,1,1,1
/itzelfuentesconde,1,1,1
/ignacioarredondomarquez,1,1,1
