source_url,destination_path,status_code,category,topic_or_cohort,clicks,impressions,position,backlinks,priority,confidence,manual_review
https://www.celebios.com/galindo-guerrero,/egresados,301,egresado,,,,,,media,baja,true
https://www.celebios.com/egresados-nutricion2019,/egresados#cohorte-2019,301,egresado,cohorte-2019,,,,,media,media,false
https://www.celebios.com/aviso-de-privacidad,/aviso-de-privacidad,301,institucional,aviso-privacidad,,,,,media,alta,false
https://www.celebios.com/lopez-hernandez,/egresados,301,egresado,,,,,,media,baja,true
https://www.celebios.com/medicina-preventiva,/cursos#historico-medicina-preventiva,301,curso_historico,medicina-preventiva,,,,,media,alta,false
https://www.celebios.com/valeriadasilvasena,/egresados,301,egresado,,,,,,media,baja,true
https://www.celebios.com/perez-amaya-fauna,/egresados,301,egresado,,,,,,media,baja,true
https://www.celebios.com/marioantoniogarciaguerrero,/egresados,301,egresado,,,,,,media,baja,true
https://www.celebios.com/vazquez-santiago-2016,/egresados#cohorte-2016,301,egresado,cohorte-2016,,,,,media,media,false
https://www.celebios.com/ortopedia-tirado-perez,/cursos#historico-ortopedia-aves,301,curso_historico,ortopedia-aves,,,,,media,alta,false
https://www.celebios.com/inscripcion-rehabilitacion,/admisiones,301,institucional,admision,,,,,media,alta,false
https://www.celebios.com/chavez-gutierrez,/egresados,301,egresado,,,,,,media,baja,true
https://www.celebios.com/itzaelatirjesselsolis,/egresados,301,egresado,,,,,,media,baja,true
https://www.celebios.com/cortes-romero-fauna,/egresados,301,egresado,,,,,,media,baja,true
https://www.celebios.com,/,301,home,home,1,1,,,alta,alta,false
https://www.celebios.com/felidos-torres-barraza,/cursos#historico-felidos,301,curso_historico,felidos,,,,,media,alta,false
https://www.celebios.com/paolamcanarromero,/egresados,301,egresado,,,,,,media,baja,true
https://www.celebios.com/ortopedia-paulin-moran,/cursos#historico-ortopedia-aves,301,curso_historico,ortopedia-aves,,,,,media,alta,false
https://www.celebios.com/salazar-gutierrez-2016,/egresados#cohorte-2016,301,egresado,cohorte-2016,,,,,media,media,false
https://www.celebios.com/alexandraelizabethlaraperez,/egresados,301,egresado,,0,1,,,media,baja,true
https://www.celebios.com/melissacarrilloescalante,/egresados,301,egresado,,,,,,media,baja,true
https://www.celebios.com/gonzalez-padilla-2016,/egresados#cohorte-2016,301,egresado,cohorte-2016,,,,,media,media,false
https://www.celebios.com/ortopedia-monroy-olvera,/cursos#historico-ortopedia-aves,301,curso_historico,ortopedia-aves,,,,,media,alta,false
https://www.celebios.com/manejo-de-datos-2021,/cursos#historico-manejo-datos,301,curso_historico,manejo-datos,,,,,media,alta,false
https://www.celebios.com/braga-gonzalez-2017,/egresados#cohorte-2017,301,egresado,cohorte-2017,,,,,media,media,false
https://www.celebios.com/ortopedia-bello-ahued,/cursos#historico-ortopedia-aves,301,curso_historico,ortopedia-aves,,,,,media,alta,false
https://www.celebios.com/zamora-aguayo,/egresados,301,egresado,,,,,,media,baja,true
https://www.celebios.com/ortopedia-rivera-jimenez,/cursos#historico-ortopedia-aves,301,curso_historico,ortopedia-aves,,,,,media,alta,false
https://www.celebios.com/gonzalez-larranaga-2016,/egresados#cohorte-2016,301,egresado,cohorte-2016,,,,,media,media,false
https://www.celebios.com/felidos-ontiveros-evangelista,/cursos#historico-felidos,301,curso_historico,felidos,,,,,media,alta,false
https://www.celebios.com/egresadosortopedia2021,/egresados#cohorte-2021,301,egresado,cohorte-2021,,,,,media,media,false
https://www.celebios.com/ortega-castelazo-12016,/egresados#cohorte-2016,301,egresado,cohorte-2016,,,,,media,media,false
https://www.celebios.com/felidos-villalobos-jimenez,/cursos#historico-felidos,301,curso_historico,felidos,,,,,media,alta,false
https://www.celebios.com/adrianaperealugo,/egresados,301,egresado,,,,,,media,baja,true
https://www.celebios.com/felidos-cinta-magallon,/cursos#historico-felidos,301,curso_historico,felidos,,,,,media,alta,false
https://www.celebios.com/felidos-diaz-perez,/cursos#historico-felidos,301,curso_historico,felidos,,,,,media,alta,false
https://www.celebios.com/ortopedia-rodriguez-alarcon,/cursos#historico-ortopedia-aves,301,curso_historico,ortopedia-aves,,,,,media,alta,false
https://www.celebios.com/ortopedia-sotelo-wong,/cursos#historico-ortopedia-aves,301,curso_historico,ortopedia-aves,,,,,media,alta,false
https://www.celebios.com/inscripcion-nutricion,/admisiones,301,institucional,admision,,,,,media,alta,false
https://www.celebios.com/melessio-navarro,/egresados,301,egresado,,,,,,media,baja,true
https://www.celebios.com/gutierrez-lopez-2017,/egresados#cohorte-2017,301,egresado,cohorte-2017,,,,,media,media,false
https://www.celebios.com/leeman-suastegui-fauna,/egresados,301,egresado,,,,,,media,baja,true
https://www.celebios.com/felidos-salas-garcia,/cursos#historico-felidos,301,curso_historico,felidos,,,,,media,alta,false
https://www.celebios.com/ofeliapcastillodiaz,/egresados,301,egresado,,,,,,media,baja,true
https://www.celebios.com/solennproust,/egresados,301,egresado,,,,,,media,baja,true
https://www.celebios.com/paulat-gonzalez-mancilla,/egresados,301,egresado,,,,,,media,baja,true
https://www.celebios.com/ortopedia-lopez-hernandez,/cursos#historico-ortopedia-aves,301,curso_historico,ortopedia-aves,,,,,media,alta,false
https://www.celebios.com/inscripcion-anestesia-2020,/admisiones,301,institucional,admision,,,,,media,alta,false
https://www.celebios.com/apipilhuasco-vazquez-2017,/egresados#cohorte-2017,301,egresado,cohorte-2017,,,,,media,media,false
https://www.celebios.com/ortopedia-palacios-chigua,/cursos#historico-ortopedia-aves,301,curso_historico,ortopedia-aves,,,,,media,alta,false
https://www.celebios.com/felidos-serrano-campos,/cursos#historico-felidos,301,curso_historico,felidos,,,,,media,alta,false
https://www.celebios.com/ortigoza-vazquez-2017,/egresados#cohorte-2017,301,egresado,cohorte-2017,,,,,media,media,false
https://www.celebios.com/nutricionfauna,/cursos#historico-nutricion,301,curso_historico,nutricion,,,,,media,alta,false
https://www.celebios.com/franklinjmaytapalomino,/egresados,301,egresado,,,,,,media,baja,true
https://www.celebios.com/ortopedia-vazquez-machorro,/cursos#historico-ortopedia-aves,301,curso_historico,ortopedia-aves,,,,,media,alta,false
https://www.celebios.com/marianahespinosajardines,/egresados,301,egresado,,,,,,media,baja,true
https://www.celebios.com/palomarrodriguezamaro,/egresados,301,egresado,,,,,,media,baja,true
https://www.celebios.com/carolinajuarezmedina,/egresados,301,egresado,,,,,,media,baja,true
https://www.celebios.com/nutricion2019,/cursos#historico-nutricion,301,curso_historico,nutricion,,,,,media,alta,false
https://www.celebios.com/ortopedia-machuca-esquivel,/cursos#historico-ortopedia-aves,301,curso_historico,ortopedia-aves,,,,,media,alta,false
https://www.celebios.com/lorenaandresserradilla,/egresados,301,egresado,,,,,,media,baja,true
https://www.celebios.com/espinola-alcantara-2016,/egresados#cohorte-2016,301,egresado,cohorte-2016,,,,,media,media,false
https://www.celebios.com/joycemaradelpracachulo,/egresados,301,egresado,,,,,,media,baja,true
https://www.celebios.com/campos-manzanares-2016,/egresados#cohorte-2016,301,egresado,cohorte-2016,1,1,,,media,media,false
https://www.celebios.com/anestesia-fauna-2020,/cursos#historico-anestesia,301,curso_historico,anestesia,,,,,media,alta,false
https://www.celebios.com/moyano-devia-fauna,/egresados,301,egresado,,,,,,media,baja,true
https://www.celebios.com/chavez-curiel-2017,/egresados#cohorte-2017,301,egresado,cohorte-2017,,,,,media,media,false
https://www.celebios.com/torres-herrera,/egresados,301,egresado,,,,,,media,baja,true
https://www.celebios.com/possani-espinosa,/egresados,301,egresado,,,,,,media,baja,true
https://www.celebios.com/rehabilitacion-fauna-2024,/cursos#historico-rehabilitacion,301,curso_historico,rehabilitacion,0,1,,,media,alta,false
https://www.celebios.com/carmencallejogarcia,/egresados,301,egresado,,,,,,media,baja,true
https://www.celebios.com/egresados-felidos-2023,/egresados#cohorte-2023,301,egresado,cohorte-2023,,,,,media,media,false
https://www.celebios.com/karinaamesamesa,/egresados,301,egresado,,,,,,media,baja,true
https://www.celebios.com/felidos-hernandez-zamora,/cursos#historico-felidos,301,curso_historico,felidos,,,,,media,alta,false
https://www.celebios.com/alessandramabelflorescolque,/egresados,301,egresado,,,,,,media,baja,true
https://www.celebios.com/egresadosconductual2021,/egresados#cohorte-2021,301,egresado,cohorte-2021,,,,,media,media,false
https://www.celebios.com/javieraandreatorresbarraza,/egresados,301,egresado,,,,,,media,baja,true
https://www.celebios.com/martinez-castanon-2016,/egresados#cohorte-2016,301,egresado,cohorte-2016,,,,,media,media,false
https://www.celebios.com/garcia-gonzalez,/egresados,301,egresado,,,,,,media,baja,true
https://www.celebios.com/gen2017anestesia,/egresados#cohorte-2017,301,egresado,cohorte-2017,,,,,media,media,false
https://www.celebios.com/davidpuertasdepando,/egresados,301,egresado,,,,,,media,baja,true
https://www.celebios.com/erikacitlalinminoravila,/egresados,301,egresado,,,,,,media,baja,true
https://www.celebios.com/juanjosediorio,/egresados,301,egresado,,,,,,media,baja,true
https://www.celebios.com/felidos-stefan-maisterow,/cursos#historico-felidos,301,curso_historico,felidos,,,,,media,alta,false
https://www.celebios.com/ortopedia-espinola-alcantara,/cursos#historico-ortopedia-aves,301,curso_historico,ortopedia-aves,,,,,media,alta,false
https://www.celebios.com/bioetica,/cursos#historico-bioetica,301,curso_historico,bioetica,,,,,media,alta,false
https://www.celebios.com/euniceguzmanescalante,/egresados,301,egresado,,0,1,,,media,baja,true
https://www.celebios.com/joselynmmorarodriguez,/egresados,301,egresado,,,,,,media,baja,true
https://www.celebios.com/egresadosfelidos2021,/egresados#cohorte-2021,301,egresado,cohorte-2021,,,,,media,media,false
https://www.celebios.com/nadiaj-garza-ramos,/egresados,301,egresado,,,,,,media,baja,true
https://www.celebios.com/alinewittedelatorre,/egresados,301,egresado,,,,,,media,baja,true
https://www.celebios.com/reinoso-echavarria,/egresados,301,egresado,,,,,,media,baja,true
https://www.celebios.com/felidos-fernandez-canseco,/cursos#historico-felidos,301,curso_historico,felidos,,,,,media,alta,false
https://www.celebios.com/elsyangelicacabrerabaz,/egresados,301,egresado,,,,,,media,baja,true
https://www.celebios.com/felidos-solis-jimenez,/cursos#historico-felidos,301,curso_historico,felidos,,,,,media,alta,false
https://www.celebios.com/avila-garcia-2016,/egresados#cohorte-2016,301,egresado,cohorte-2016,,,,,media,media,false
https://www.celebios.com/vega-navarro-12017,/egresados#cohorte-2017,301,egresado,cohorte-2017,,,,,media,media,false
https://www.celebios.com/felidos-garcia-perez,/cursos#historico-felidos,301,curso_historico,felidos,,,,,media,alta,false
https://www.celebios.com/felidos-zuniga-zuniga,/cursos#historico-felidos,301,curso_historico,felidos,,,,,media,alta,false
https://www.celebios.com/carlosalfredopaulinmoran,/egresados,301,egresado,,,,,,media,baja,true
https://www.celebios.com/copia-de-sig2020,/cursos#historico-sig-cartografia,301,curso_historico,sig-cartografia,,,,,media,alta,false
https://www.celebios.com/manejo-conductual-fauna,/cursos#historico-conductual,301,curso_historico,conductual,0,4,,,media,alta,false
https://www.celebios.com/vega-navarro,/egresados,301,egresado,,,,,,media,baja,true
https://www.celebios.com/virginio-vazquez-rodriguez,/egresados,301,egresado,,,,,,media,baja,true
https://www.celebios.com/inscripcion-felidos-2020,/admisiones,301,institucional,admision,,,,,media,alta,false
https://www.celebios.com/albertopedrotellarini,/egresados,301,egresado,,,,,,media,baja,true
https://www.celebios.com/cynthiayaramidiazgonzalez,/egresados,301,egresado,,,,,,media,baja,true
https://www.celebios.com/perez-vergara-fauna,/egresados,301,egresado,,,,,,media,baja,true
https://www.celebios.com/shirleylomberanopal,/egresados,301,egresado,,,,,,media,baja,true
https://www.celebios.com/dianarociosantosmorales,/egresados,301,egresado,,,,,,media,baja,true
https://www.celebios.com/inscripcion-fauna-2020,/admisiones,301,institucional,admision,,,,,media,alta,false
https://www.celebios.com/inscripcion-ortopedia-aves-2020,/admisiones,301,institucional,admision,,,,,media,alta,false
https://www.celebios.com/larissaalexandrariverapliego,/egresados,301,egresado,,,,,,media,baja,true
https://www.celebios.com/felidos-rincon-olivares,/cursos#historico-felidos,301,curso_historico,felidos,,,,,media,alta,false
https://www.celebios.com/sanchez-carrillo-2016,/egresados#cohorte-2016,301,egresado,cohorte-2016,,,,,media,media,false
https://www.celebios.com/paulinaachavezcontreras,/egresados,301,egresado,,0,3,,,media,baja,true
https://www.celebios.com/felidos-domesticos-silvestres-2022,/cursos#historico-felidos,301,curso_historico,felidos,,,,,media,alta,false
https://www.celebios.com/ortopedia-alanis-lopez,/cursos#historico-ortopedia-aves,301,curso_historico,ortopedia-aves,,,,,media,alta,false
https://www.celebios.com/sciabarrasi-2017,/egresados#cohorte-2017,301,egresado,cohorte-2017,,,,,media,media,false
https://www.celebios.com/lopez-hernandez-fauna,/egresados,301,egresado,,,,,,media,baja,true
https://www.celebios.com/felidos-ostos-gutierrez,/cursos#historico-felidos,301,curso_historico,felidos,,,,,media,alta,false
https://www.celebios.com/lopez-lopez-2016,/egresados#cohorte-2016,301,egresado,cohorte-2016,,,,,media,media,false
https://www.celebios.com/danielatamaramirnereberl,/egresados,301,egresado,,,,,,media,baja,true
https://www.celebios.com/sanchez-cervantes-fauna,/egresados,301,egresado,,,,,,media,baja,true
https://www.celebios.com/felidos-huante-ortega,/cursos#historico-felidos,301,curso_historico,felidos,,,,,media,alta,false
https://www.celebios.com/copia-de-copia-de-copia-de-copia-de-19,,404,sin_equivalente,,,,,,baja,alta,false
https://www.celebios.com/gen2019rehabilitacionfauna,/egresados#cohorte-2019,301,egresado,cohorte-2019,,,,,media,media,false
https://www.celebios.com/deliavictoriavitericuenca,/egresados,301,egresado,,,,,,media,baja,true
https://www.celebios.com/vega-navarro-2016,/egresados#cohorte-2016,301,egresado,cohorte-2016,,,,,media,media,false
https://www.celebios.com/espinosa-leon,/egresados,301,egresado,,,,,,media,baja,true
https://www.celebios.com/xochipa-hernandez,/egresados,301,egresado,,,,,,media,baja,true
https://www.celebios.com/ortopedia-garcia-hernandez,/cursos#historico-ortopedia-aves,301,curso_historico,ortopedia-aves,,,,,media,alta,false
https://www.celebios.com/jesusa-franco-galindo,/egresados,301,egresado,,,,,,media,baja,true
https://www.celebios.com/manuelacortezmartinez,/egresados,301,egresado,,,,,,media,baja,true
https://www.celebios.com/quetzeri-santiago-2016,/egresados#cohorte-2016,301,egresado,cohorte-2016,,,,,media,media,false
https://www.celebios.com/fernandodlopezhernandez,/egresados,301,egresado,,,,,,media,baja,true
https://www.celebios.com/monroy-olvera-2016,/egresados#cohorte-2016,301,egresado,cohorte-2016,,,,,media,media,false
https://www.celebios.com/mentado-amigon-2017,/egresados#cohorte-2017,301,egresado,cohorte-2017,,,,,media,media,false
https://www.celebios.com/felidos-flores-esquivel,/cursos#historico-felidos,301,curso_historico,felidos,,,,,media,alta,false
https://www.celebios.com/sig2020,/cursos#historico-sig-cartografia,301,curso_historico,sig-cartografia,,,,,media,alta,false
https://www.celebios.com/duque-correa,/egresados,301,egresado,,,,,,media,baja,true
https://www.celebios.com/felidos-gonzalez-gutierrez,/cursos#historico-felidos,301,curso_historico,felidos,,,,,media,alta,false
https://www.celebios.com/ortopedia-honorato-garreton,/cursos#historico-ortopedia-aves,301,curso_historico,ortopedia-aves,,,,,media,alta,false
https://www.celebios.com/gen2017fauna,/egresados#cohorte-2017,301,egresado,cohorte-2017,,,,,media,media,false
https://www.celebios.com/ponce-guzman-fauna,/egresados,301,egresado,,,,,,media,baja,true
https://www.celebios.com/veronicay-rodriguez-nolasco,/egresados,301,egresado,,,,,,media,baja,true
https://www.celebios.com/avila-garcia-2017,/egresados#cohorte-2017,301,egresado,cohorte-2017,,,,,media,media,false
https://www.celebios.com/joycem-delpra-cachulo,/egresados,301,egresado,,,,,,media,baja,true
https://www.celebios.com/aragon-martinez-2016,/egresados#cohorte-2016,301,egresado,cohorte-2016,,,,,media,media,false
https://www.celebios.com/rojas-juarez,/egresados,301,egresado,,,,,,media,baja,true
https://www.celebios.com/capuleno-rangel,/egresados,301,egresado,,,,,,media,baja,true
https://www.celebios.com/ortopedia-doncel-alvarado,/cursos#historico-ortopedia-aves,301,curso_historico,ortopedia-aves,,,,,media,alta,false
https://www.celebios.com/paulaegomezmaduro,/egresados,301,egresado,,,,,,media,baja,true
https://www.celebios.com/moran-huizar,/egresados,301,egresado,,,,,,media,baja,true
https://www.celebios.com/felidos-ponce-arana,/cursos#historico-felidos,301,curso_historico,felidos,,,,,media,alta,false
https://www.celebios.com/fabela-ramirez,/egresados,301,egresado,,,,,,media,baja,true
https://www.celebios.com/isaacaramosramirez,/egresados,301,egresado,,,,,,media,baja,true
https://www.celebios.com/cristhiany-hernandez-prada,/egresados,301,egresado,,,,,,media,baja,true
https://www.celebios.com/brenda-mancera-trejo,/egresados,301,egresado,,,,,,media,baja,true
https://www.celebios.com/inscripcion-felidos,/admisiones,301,institucional,admision,,,,,media,alta,false
https://www.celebios.com/cinthyavanesaaguilarrangel,/egresados,301,egresado,,,,,,media,baja,true
https://www.celebios.com/ignacioenriquepena,/egresados,301,egresado,,,,,,media,baja,true
https://www.celebios.com/dennisorlandosouxpol,/egresados,301,egresado,,,,,,media,baja,true
https://www.celebios.com/hernandez-lopez,/egresados,301,egresado,,,,,,media,baja,true
https://www.celebios.com/loya-puente,/egresados,301,egresado,,,,,,media,baja,true
https://www.celebios.com/ariane-campos-ortiz,/egresados,301,egresado,,,,,,media,baja,true
https://www.celebios.com/gen2018fauna,/egresados#cohorte-2018,301,egresado,cohorte-2018,,,,,media,media,false
https://www.celebios.com/erikafloresreinoso,/egresados,301,egresado,,,,,,media,baja,true
https://www.celebios.com/copia-de-formulario-sig,/cursos#historico-sig-cartografia,301,curso_historico,sig-cartografia,,,,,media,alta,false
https://www.celebios.com/egresadosanestesia2020,/egresados#cohorte-2020,301,egresado,cohorte-2020,,,,,media,media,false
https://www.celebios.com/medicina-preventiva-2021,/cursos#historico-medicina-preventiva,301,curso_historico,medicina-preventiva,,,,,media,alta,false
https://www.celebios.com/espinola-alcantara,/egresados,301,egresado,,,,,,media,baja,true
https://www.celebios.com/ortopedia-reinoso-echavarria,/cursos#historico-ortopedia-aves,301,curso_historico,ortopedia-aves,,,,,media,alta,false
https://www.celebios.com/salgado-julian-fauna,/egresados,301,egresado,,,,,,media,baja,true
https://www.celebios.com/sanchez-carrillo,/egresados,301,egresado,,,,,,media,baja,true
https://www.celebios.com/cesarfernandoechaidesortiz,/egresados,301,egresado,,,,,,media,baja,true
https://www.celebios.com/brisa-perez-castelazo,/egresados,301,egresado,,0,1,,,media,baja,true
https://www.celebios.com/felidos-lopez-hernandez,/cursos#historico-felidos,301,curso_historico,felidos,,,,,media,alta,false
https://www.celebios.com/rominarodriguezdiaz,/egresados,301,egresado,,,,,,media,baja,true
https://www.celebios.com/suarez-gutierrez-2016,/egresados#cohorte-2016,301,egresado,cohorte-2016,,,,,media,media,false
https://www.celebios.com/granados-garcia,/egresados,301,egresado,,,,,,media,baja,true
https://www.celebios.com/rehabilitacion2021,/cursos#historico-rehabilitacion,301,curso_historico,rehabilitacion,,,,,media,alta,false
https://www.celebios.com/ortopedia-ponce-jara,/cursos#historico-ortopedia-aves,301,curso_historico,ortopedia-aves,,,,,media,alta,false
https://www.celebios.com/marisols-marquez-sanchez,/egresados,301,egresado,,,,,,media,baja,true
https://www.celebios.com/ortopedia-solano-aravena,/cursos#historico-ortopedia-aves,301,curso_historico,ortopedia-aves,,,,,media,alta,false
https://www.celebios.com/nosotros,/nosotros,301,institucional,historia,0,1,,,media,alta,false
https://www.celebios.com/galindo-castillo-2016,/egresados#cohorte-2016,301,egresado,cohorte-2016,,,,,media,media,false
https://www.celebios.com/salas-garcia,/egresados,301,egresado,,,,,,media,baja,true
https://www.celebios.com/sordo-doporto-2016,/egresados#cohorte-2016,301,egresado,cohorte-2016,,,,,media,media,false
https://www.celebios.com/egresados-imagenologia-fauna-2023,/egresados#cohorte-2023,301,egresado,cohorte-2023,,,,,media,media,false
https://www.celebios.com/arguello-vargas-2017,/egresados#cohorte-2017,301,egresado,cohorte-2017,,,,,media,media,false
https://www.celebios.com/copia-de-gen2018ortopediaaves,/cursos#historico-ortopedia-aves,301,curso_historico,ortopedia-aves,,,,,media,alta,false
https://www.celebios.com/meneses-lavalley-2017,/egresados#cohorte-2017,301,egresado,cohorte-2017,,,,,media,media,false
https://www.celebios.com/nutricion2024,/cursos#historico-nutricion,301,curso_historico,nutricion,,,,,media,alta,false
https://www.celebios.com/jesusan-mauricio-pisco,/egresados,301,egresado,,0,1,,,media,baja,true
https://www.celebios.com/brenda-lozano-chavez,/egresados,301,egresado,,,,,,media,baja,true
https://www.celebios.com/cartografia-web-2021,/cursos#historico-sig-cartografia,301,curso_historico,sig-cartografia,,,,,media,alta,false
https://www.celebios.com/felidos-escobar-cardenas,/cursos#historico-felidos,301,curso_historico,felidos,,,,,media,alta,false
https://www.celebios.com/mejia-garcia-2017,/egresados#cohorte-2017,301,egresado,cohorte-2017,,,,,media,media,false
https://www.celebios.com/contacto,/contacto,301,institucional,contacto,,,,,media,alta,false
https://www.celebios.com/felidos-garcia-cuevas,/cursos#historico-felidos,301,curso_historico,felidos,,,,,media,alta,false
https://www.celebios.com/marisolrodriguezgonzalez,/egresados,301,egresado,,,,,,media,baja,true
https://www.celebios.com/erandivelascomoron,/egresados,301,egresado,,,,,,media,baja,true
https://www.celebios.com/rosamariavgomezcarrillo,/egresados,301,egresado,,,,,,media,baja,true
https://www.celebios.com/joseluisflanaganborquez,/egresados,301,egresado,,,,,,media,baja,true
https://www.celebios.com/ortopedia-aves,/cursos#historico-ortopedia-aves,301,curso_historico,ortopedia-aves,,,,,media,alta,false
https://www.celebios.com/egresados,/egresados,301,egresado,,,,,,media,baja,true
https://www.celebios.com/garcia-ruiz-2016,/egresados#cohorte-2016,301,egresado,cohorte-2016,,,,,media,media,false
https://www.celebios.com/itzelcarolinamadrigalramos,/egresados,301,egresado,,,,,,media,baja,true
https://www.celebios.com/menchaca-zuniga-fauna,/egresados,301,egresado,,,,,,media,baja,true
https://www.celebios.com/manejo-datos,/cursos#historico-manejo-datos,301,curso_historico,manejo-datos,,,,,media,alta,false
https://www.celebios.com/inscripcion-medicina-interna,/admisiones,301,institucional,admision,,,,,media,alta,false
https://www.celebios.com/sig2019,/cursos#historico-sig-cartografia,301,curso_historico,sig-cartografia,,,,,media,alta,false
https://www.celebios.com/reinoso-echavarria-2016,/egresados#cohorte-2016,301,egresado,cohorte-2016,,,,,media,media,false
https://www.celebios.com/navarro-chavoya,/egresados,301,egresado,,,,,,media,baja,true
https://www.celebios.com/egresadosfauna2021,/egresados#cohorte-2021,301,egresado,cohorte-2021,,,,,media,media,false
https://www.celebios.com/ortega-castelazo,/egresados,301,egresado,,,,,,media,baja,true
https://www.celebios.com/erikbaezjoe,/egresados,301,egresado,,,,,,media,baja,true
https://www.celebios.com/melesio-navarro-2017,/egresados#cohorte-2017,301,egresado,cohorte-2017,0,1,,,media,media,false
https://www.celebios.com/shadycherediasantos,/egresados,301,egresado,,,,,,media,baja,true
https://www.celebios.com/egresados-nutri-2021,/egresados#cohorte-2021,301,egresado,cohorte-2021,,,,,media,media,false
https://www.celebios.com/gustavoagonzalezpadilla,/egresados,301,egresado,,,,,,media,baja,true
https://www.celebios.com/felidos-saavedra-sanchez,/cursos#historico-felidos,301,curso_historico,felidos,,,,,media,alta,false
https://www.celebios.com/programacion,/cursos,301,curso_historico,programacion,,,,,media,alta,false
https://www.celebios.com/reyes-cortes,/egresados,301,egresado,,,,,,media,baja,true
https://www.celebios.com/ocampo-soto-2016,/egresados#cohorte-2016,301,egresado,cohorte-2016,,,,,media,media,false
https://www.celebios.com/vicenteerivascervantes,/egresados,301,egresado,,,,,,media,baja,true
https://www.celebios.com/sarahzerbibpradere,/egresados,301,egresado,,,,,,media,baja,true
https://www.celebios.com/enriquecastellanoslizcano,/egresados,301,egresado,,,,,,media,baja,true
https://www.celebios.com/coyotl-otero-2016,/egresados#cohorte-2016,301,egresado,cohorte-2016,,,,,media,media,false
https://www.celebios.com/imagenologia-caballos-2020,/cursos#historico-imagenologia-caballos,301,curso_historico,imagenologia-caballos,0,2,,,media,alta,false
https://www.celebios.com/arias-garcia,/egresados,301,egresado,,,,,,media,baja,true
https://www.celebios.com/felidos-esparza-lupercio,/cursos#historico-felidos,301,curso_historico,felidos,,,,,media,alta,false
https://www.celebios.com/galeria-1,,404,sin_equivalente,,,,,,baja,alta,false
https://www.celebios.com/medicina-interna,/cursos#historico-medicina-interna,301,curso_historico,medicina-interna,,,,,media,alta,false
https://www.celebios.com/felidos-perez-cherif,/cursos#historico-felidos,301,curso_historico,felidos,,,,,media,alta,false
https://www.celebios.com/galindo-castillo,/egresados,301,egresado,,,,,,media,baja,true
https://www.celebios.com/navarro-sanchez-2016,/egresados#cohorte-2016,301,egresado,cohorte-2016,,,,,media,media,false
https://www.celebios.com/ortopedia-marquez-sanchez,/cursos#historico-ortopedia-aves,301,curso_historico,ortopedia-aves,,,,,media,alta,false
https://www.celebios.com/vargas-ortega-2017,/egresados#cohorte-2017,301,egresado,cohorte-2017,,,,,media,media,false
https://www.celebios.com/formulario-sig,/cursos#historico-sig-cartografia,301,curso_historico,sig-cartografia,,,,,media,alta,false
https://www.celebios.com/miriama-loza-balderas,/egresados,301,egresado,,,,,,media,baja,true
https://www.celebios.com/felidos-castillo-vazquez,/cursos#historico-felidos,301,curso_historico,felidos,,,,,media,alta,false
https://www.celebios.com/juarez-sarmiento,/egresados,301,egresado,,,,,,media,baja,true
https://www.celebios.com/ortopedia-siede-barrie,/cursos#historico-ortopedia-aves,301,curso_historico,ortopedia-aves,,,,,media,alta,false
https://www.celebios.com/robertofiorinitorrico,/egresados,301,egresado,,,,,,media,baja,true
https://www.celebios.com/ortopedia-silva-lopez,/cursos#historico-ortopedia-aves,301,curso_historico,ortopedia-aves,,,,,media,alta,false
https://www.celebios.com/albertogvaldezflores,/egresados,301,egresado,,,,,,media,baja,true
https://www.celebios.com/cuauhtlimiguelvelaacuna,/egresados,301,egresado,,,,,,media,baja,true
https://www.celebios.com/ortopedia-fernandez-hernandez,/cursos#historico-ortopedia-aves,301,curso_historico,ortopedia-aves,,,,,media,alta,false
https://www.celebios.com/gen2016fauna,/egresados#cohorte-2016,301,egresado,cohorte-2016,,,,,media,media,false
https://www.celebios.com/jessicapaolasantavidal,/egresados,301,egresado,,,,,,media,baja,true
https://www.celebios.com/denisse-rodriguez-diaz,/egresados,301,egresado,,,,,,media,baja,true
https://www.celebios.com/anaperezsarasqueta,/egresados,301,egresado,,,,,,media,baja,true
https://www.celebios.com/ortopedia-tzuc-salinas,/cursos#historico-ortopedia-aves,301,curso_historico,ortopedia-aves,,,,,media,alta,false
https://www.celebios.com/convoc-anestesia-fauna,/admisiones,301,institucional,admision,,,,,media,alta,false
https://www.celebios.com/navarro-sanchez-2017,/egresados#cohorte-2017,301,egresado,cohorte-2017,,,,,media,media,false
https://www.celebios.com/sandram-bautista-denis,/egresados,301,egresado,,,,,,media,baja,true
https://www.celebios.com/martinez-morven,/egresados,301,egresado,,,,,,media,baja,true
https://www.celebios.com/fernandaaguevaracarreon,/egresados,301,egresado,,,,,,media,baja,true
https://www.celebios.com/keeper,,404,sin_equivalente,,,,,,baja,alta,false
https://www.celebios.com/felidos-domesticos-silvestres-2020,/cursos#historico-felidos,301,curso_historico,felidos,,,,,media,alta,false
https://www.celebios.com/itzelfuentesconde,/egresados,301,egresado,,,,,,media,baja,true
https://www.celebios.com/marquez-jacome-2016,/egresados#cohorte-2016,301,egresado,cohorte-2016,,,,,media,media,false
https://www.celebios.com/rubensaavedraperez,/egresados,301,egresado,,0,1,,,media,baja,true
https://www.celebios.com/boletasaves,/cursos#historico-ortopedia-aves,301,curso_historico,ortopedia-aves,,,,,media,alta,false
https://www.celebios.com/egresadoscaballos,/egresados#tema-imagenologia-caballos,301,egresado,imagenologia-caballos,,,,,media,media,false
https://www.celebios.com/anayansicardonabazan,/egresados,301,egresado,,,,,,media,baja,true
https://www.celebios.com/felidos-rodriguez-eloisa,/cursos#historico-felidos,301,curso_historico,felidos,,,,,media,alta,false
https://www.celebios.com/leidyvbarretotijaro,/egresados,301,egresado,,,,,,media,baja,true
https://www.celebios.com/laguna-pastrana,/egresados,301,egresado,,,,,,media,baja,true
https://www.celebios.com/egresadosfauna2020,/egresados#cohorte-2020,301,egresado,cohorte-2020,,,,,media,media,false
https://www.celebios.com/sanchez-cervantes,/egresados,301,egresado,,,,,,media,baja,true
https://www.celebios.com/egresadosbioetica,/egresados#tema-bioetica,301,egresado,bioetica,,,,,media,media,false
https://www.celebios.com/aula-virtual,/aula,301,institucional,aula,,,,,media,alta,false
https://www.celebios.com/guillermoevantuyllmolina,/egresados,301,egresado,,,,,,media,baja,true
https://www.celebios.com/ortiz-cepeda,/egresados,301,egresado,,,,,,media,baja,true
https://www.celebios.com/felidos-brizuela-castaneda,/cursos#historico-felidos,301,curso_historico,felidos,,,,,media,alta,false
https://www.celebios.com/avila-garcia,/egresados,301,egresado,,,,,,media,baja,true
https://www.celebios.com/ortopedia-cervantes-gonzalez,/cursos#historico-ortopedia-aves,301,curso_historico,ortopedia-aves,,,,,media,alta,false
https://www.celebios.com/inscripcion-ortopedia-aves,/admisiones,301,institucional,admision,,,,,media,alta,false
https://www.celebios.com/egresadosmedint,/egresados#tema-medicina-interna,301,egresado,medicina-interna,,,,,media,media,false
https://www.celebios.com/egresados-rescate-rehab,/egresados#tema-rehabilitacion,301,egresado,rehabilitacion,,,,,media,media,false
https://www.celebios.com/robles-espindola,/egresados,301,egresado,,,,,,media,baja,true
https://www.celebios.com/duarte-ubaldo,/egresados,301,egresado,,,,,,media,baja,true
https://www.celebios.com/aves-2022,/cursos#historico-ortopedia-aves,301,curso_historico,ortopedia-aves,,,,,media,alta,false
https://www.celebios.com/egresadosrehabilitacion2019,/egresados#cohorte-2019,301,egresado,cohorte-2019,,,,,media,media,false
https://www.celebios.com/ortopedia-hernandez-garcia,/cursos#historico-ortopedia-aves,301,curso_historico,ortopedia-aves,,,,,media,alta,false
https://www.celebios.com/sanchez-hernandez,/egresados,301,egresado,,,,,,media,baja,true
https://www.celebios.com/formulario-clase-caballos-fin,/cursos#historico-imagenologia-caballos,301,curso_historico,imagenologia-caballos,,,,,media,alta,false
https://www.celebios.com/joseantoniohernandezvelasco,/egresados,301,egresado,,,,,,media,baja,true
https://www.celebios.com/felidos-nieves-dorantes,/cursos#historico-felidos,301,curso_historico,felidos,,,,,media,alta,false
https://www.celebios.com/murillo-ruiz,/egresados,301,egresado,,,,,,media,baja,true
https://www.celebios.com/raulcuatrecasasabad,/egresados,301,egresado,,,,,,media,baja,true
https://www.celebios.com/arguello-vargas-2016,/egresados#cohorte-2016,301,egresado,cohorte-2016,,,,,media,media,false
https://www.celebios.com/juancfonsecasarmiento,/egresados,301,egresado,,,,,,media,baja,true
https://www.celebios.com/ortopedia-rubio-rodriguez,/cursos#historico-ortopedia-aves,301,curso_historico,ortopedia-aves,,,,,media,alta,false
https://www.celebios.com/nogueira-marmolejo-fauna,/egresados,301,egresado,,,,,,media,baja,true
https://www.celebios.com/valencia-labastida-2016,/egresados#cohorte-2016,301,egresado,cohorte-2016,,,,,media,media,false
https://www.celebios.com/galindo-guerrero-2017,/egresados#cohorte-2017,301,egresado,cohorte-2017,,,,,media,media,false
https://www.celebios.com/ortopedia-vela-verjel,/cursos#historico-ortopedia-aves,301,curso_historico,ortopedia-aves,,,,,media,alta,false
https://www.celebios.com/sig2018,/cursos#historico-sig-cartografia,301,curso_historico,sig-cartografia,,,,,media,alta,false
https://www.celebios.com/carla-bustios-mendoza,/egresados,301,egresado,,,,,,media,baja,true
https://www.celebios.com/baez-joe-fauna,/egresados,301,egresado,,,,,,media,baja,true
https://www.celebios.com/rebecasotoperez,/egresados,301,egresado,,,,,,media,baja,true
https://www.celebios.com/cartografia-web,/cursos#historico-sig-cartografia,301,curso_historico,sig-cartografia,,,,,media,alta,false
https://www.celebios.com/garcia-zendejas-2017,/egresados#cohorte-2017,301,egresado,cohorte-2017,,,,,media,media,false
https://www.celebios.com/gen2018felidos,/egresados#cohorte-2018,301,egresado,cohorte-2018,0,1,,,media,media,false
https://www.celebios.com/rehabilitacion,/cursos#historico-rehabilitacion,301,curso_historico,rehabilitacion,0,2,,,media,alta,false
https://www.celebios.com/felidos-marquez-sanchez,/cursos#historico-felidos,301,curso_historico,felidos,,,,,media,alta,false
https://www.celebios.com/montserratmonterrosales,/egresados,301,egresado,,,,,,media,baja,true
https://www.celebios.com/felidos-hernandez-osorno,/cursos#historico-felidos,301,curso_historico,felidos,,,,,media,alta,false
https://www.celebios.com/blank,,404,sin_equivalente,,,,,,baja,alta,false
https://www.celebios.com/felidos-hernandez-lopez,/cursos#historico-felidos,301,curso_historico,felidos,,,,,media,alta,false
https://www.celebios.com/marquez-sanchez,/egresados,301,egresado,,,,,,media,baja,true
https://www.celebios.com/alejandrajosefinacrespogarza,/egresados,301,egresado,,,,,,media,baja,true
https://www.celebios.com/monroy-olvera-2017,/egresados#cohorte-2017,301,egresado,cohorte-2017,,,,,media,media,false
https://www.celebios.com/imagenfauna2023,/cursos#historico-imagenologia,301,curso_historico,imagenologia,,,,,media,alta,false
https://www.celebios.com/carlososcarparraguirrediaz,/egresados,301,egresado,,0,1,,,media,baja,true
https://www.celebios.com/tapia-colin-fauna,/egresados,301,egresado,,,,,,media,baja,true
https://www.celebios.com/martinez-castanon-2017,/egresados#cohorte-2017,301,egresado,cohorte-2017,,,,,media,media,false
https://www.celebios.com/christiana-cordoba-herrera,/egresados,301,egresado,,,,,,media,baja,true
https://www.celebios.com/campos-manzanares-2017,/egresados#cohorte-2017,301,egresado,cohorte-2017,,,,,media,media,false
https://www.celebios.com/felidos-solar-macuada,/cursos#historico-felidos,301,curso_historico,felidos,,,,,media,alta,false
https://www.celebios.com/manejo-conductual-2022,/cursos#historico-conductual,301,curso_historico,conductual,,,,,media,alta,false
https://www.celebios.com/formato-ingreso,/admisiones,301,institucional,admision,,,,,media,alta,false
https://www.celebios.com/seleneasiulbarbabedolla,/egresados,301,egresado,,,,,,media,baja,true
https://www.celebios.com/mariadelcisneortegaerreis,/egresados,301,egresado,,,,,,media,baja,true
https://www.celebios.com/nataliaesubiaramos,/egresados,301,egresado,,,,,,media,baja,true
https://www.celebios.com/paolaramirezgarcia,/egresados,301,egresado,,,,,,media,baja,true
https://www.celebios.com/inscripcion-codigoabierto,/admisiones,301,institucional,admision,,,,,media,alta,false
https://www.celebios.com/felidos,/cursos#historico-felidos,301,curso_historico,felidos,,,,,media,alta,false
https://www.celebios.com/felidos-aguilar-mendez,/cursos#historico-felidos,301,curso_historico,felidos,,,,,media,alta,false
https://www.celebios.com/espinosa-leon-2016,/egresados#cohorte-2016,301,egresado,cohorte-2016,,,,,media,media,false
https://www.celebios.com/tzuc-salinas-2016,/egresados#cohorte-2016,301,egresado,cohorte-2016,,,,,media,media,false
https://www.celebios.com/ponce-guzman-2017,/egresados#cohorte-2017,301,egresado,cohorte-2017,,,,,media,media,false
https://www.celebios.com/rodriguez-gonzalez-fauna,/egresados,301,egresado,,,,,,media,baja,true
https://www.celebios.com/emmacarolinapachecomeneses,/egresados,301,egresado,,,,,,media,baja,true
https://www.celebios.com/felidos-covarrubias-mandujano,/cursos#historico-felidos,301,curso_historico,felidos,,,,,media,alta,false
https://www.celebios.com/gen2018ortopediaaves,/egresados#cohorte-2018,301,egresado,cohorte-2018,,,,,media,media,false
https://www.celebios.com/ortopedia-aves-2021,/cursos#historico-ortopedia-aves,301,curso_historico,ortopedia-aves,,,,,media,alta,false
https://www.celebios.com/felidos-cornejo-martinez,/cursos#historico-felidos,301,curso_historico,felidos,,,,,media,alta,false
https://www.celebios.com/felidos-ordonez-godoy,/cursos#historico-felidos,301,curso_historico,felidos,,,,,media,alta,false
https://www.celebios.com/miguelahernandezrodriguez,/egresados,301,egresado,,,,,,media,baja,true
https://www.celebios.com/ortopedia-alvarez-castro,/cursos#historico-ortopedia-aves,301,curso_historico,ortopedia-aves,,,,,media,alta,false
https://www.celebios.com/valeriabgonzalezvelazquez,/egresados,301,egresado,,,,,,media,baja,true
https://www.celebios.com/rehabilitacion-fauna-2025,/cursos#historico-rehabilitacion,301,curso_historico,rehabilitacion,0,3,,,media,alta,false
https://www.celebios.com/felidos-perez-castelazo,/cursos#historico-felidos,301,curso_historico,felidos,,,,,media,alta,false
https://www.celebios.com/cervantes-gomez-2017,/egresados#cohorte-2017,301,egresado,cohorte-2017,,,,,media,media,false
https://www.celebios.com/felidos-baldenegro-marquez,/cursos#historico-felidos,301,curso_historico,felidos,,,,,media,alta,false
https://www.celebios.com/ignacioarredondomarquez,/egresados,301,egresado,,,,,,media,baja,true
https://www.celebios.com/felidos-martinez-castanon,/cursos#historico-felidos,301,curso_historico,felidos,,,,,media,alta,false
https://www.celebios.com/diagnostico-terapeutica-2020,/cursos#historico-diagnostico-terapeutica,301,curso_historico,diagnostico-terapeutica,,,,,media,alta,false
https://www.celebios.com/nutricion-2021,/cursos#historico-nutricion,301,curso_historico,nutricion,,,,,media,alta,false
https://www.celebios.com/ortopedia-velazquez-munoz,/cursos#historico-ortopedia-aves,301,curso_historico,ortopedia-aves,,,,,media,alta,false
https://www.celebios.com/sandyquirosbeita,/egresados,301,egresado,,,,,,media,baja,true
https://www.celebios.com/inscripcion-medicina-preventiva,/admisiones,301,institucional,admision,,,,,media,alta,false
https://www.celebios.com/lilianasuarezramirez,/egresados,301,egresado,,,,,,media,baja,true
https://www.celebios.com/impacto-ambiental,/cursos#historico-impacto-ambiental,301,curso_historico,impacto-ambiental,,,,,media,alta,false
https://www.celebios.com/copia-de-copia-de-copia-de-copia-de-18,,404,sin_equivalente,,,,,,baja,alta,false
https://www.celebios.com/amandanatashaeliopulosnaya,/egresados,301,egresado,,,,,,media,baja,true
https://www.celebios.com/felidos-thomas-najera,/cursos#historico-felidos,301,curso_historico,felidos,,,,,media,alta,false
https://www.celebios.com/galindo-perez-2016,/egresados#cohorte-2016,301,egresado,cohorte-2016,,,,,media,media,false
https://www.celebios.com/ortopedia-diez-tascon,/cursos#historico-ortopedia-aves,301,curso_historico,ortopedia-aves,,,,,media,alta,false
https://www.celebios.com/cursos,/cursos,301,curso_historico,catalogo,,,,,media,alta,false
https://www.celebios.com/butron-garcia,/egresados,301,egresado,,,,,,media,baja,true
https://www.celebios.com/gen2018faunadxtx,/egresados#cohorte-2018,301,egresado,cohorte-2018,,,,,media,media,false
https://www.celebios.com/zulmaasotoguerrero,/egresados,301,egresado,,,,,,media,baja,true
https://www.celebios.com/fundamentos-sig-2021,/cursos#historico-sig-cartografia,301,curso_historico,sig-cartografia,,,,,media,alta,false
https://www.celebios.com/elenamariaechandiherrera-1,/egresados,301,egresado,,,,,,media,baja,true
https://www.celebios.com/inscripcion,/admisiones,301,institucional,admision,,,,,media,alta,false
https://www.celebios.online/nutricionfauna,/cursos#historico-nutricion,301,curso_historico,nutricion,,,,,media,alta,false
https://www.celebios.online/lenguaje-y-comunicacion-de-los-gatos,/curso-lenguaje-felino,301,curso_disponible,gatos,,,,,alta,alta,false
https://www.celebios.online/nutricion2025,/cursos#historico-nutricion,301,curso_historico,nutricion,,,,,media,alta,false
https://www.celebios.online/nutricion2024,/cursos#historico-nutricion,301,curso_historico,nutricion,,,,,media,alta,false
https://www.celebios.online/diplomado-rescate-rehabilitacion-fauna,/diplomado-rescate-rehabilitacion-fauna,301,curso_historico,rehabilitacion,,,,,media,alta,false
https://www.celebios.online/cursos,/cursos,301,curso_historico,catalogo,,,,,media,alta,false
https://www.celebios.online/home,/,301,home,home,,,,,alta,alta,false
https://www.celebios.online/nosotros,/nosotros,301,institucional,historia,,,,,media,alta,false
https://www.celebios.online/curso-lenguaje-felino,/curso-lenguaje-felino,301,curso_disponible,gatos,,,,,alta,alta,false
https://www.celebios.online/curso-anestesia,/cursos#historico-anestesia,301,curso_historico,anestesia,,,,,media,alta,false
https://www.celebios.online/,/,301,home,home,,,,,alta,alta,false
https://www.celebios.online/about,/nosotros,301,institucional,historia,,,,,media,alta,false
https://www.celebios.online/contact,/contacto,301,institucional,contacto,,,,,media,alta,false
https://www.celebios.online/test,,404,sin_equivalente,,,,,,baja,alta,false
https://www.celebios.online/store,/cursos,301,curso_historico,catalogo,,,,,media,alta,false
